기준년월,기초지자체,중분류,소비액(천원)
20260701,경주시,관광총소비,2102615.0
20260702,경주시,관광총소비,2428443.0
20260703,경주시,관광총소비,2589888.0
20260704,경주시,관광총소비,3536519.0
20260705,경주시,관광총소비,2875119.0
20260706,경주시,관광총소비,2358370.0
20260707,경주시,관광총소비,2318688.0
20260708,경주시,관광총소비,2479708.0
20260709,경주시,관광총소비,2544385.0
20260710,경주시,관광총소비,2811229.0
20260711,경주시,관광총소비,3482072.0
20260712,경주시,관광총소비,3027223.0
20260713,경주시,관광총소비,2492801.0
20260714,경주시,관광총소비,2489755.0
20260715,경주시,관광총소비,2427198.0
20260716,경주시,관광총소비,2791980.0
20260717,경주시,관광총소비,3922772.0
20260718,경주시,관광총소비,3978290.0
20260719,경주시,관광총소비,2947616.0
20260720,경주시,관광총소비,2367943.0
20260721,경주시,관광총소비,2309174.0
20260722,경주시,관광총소비,2666879.0
20260723,경주시,관광총소비,2600788.0
20260724,경주시,관광총소비,2842681.0
20260725,경주시,관광총소비,3576010.0
20260726,경주시,관광총소비,3332254.0
20260727,경주시,관광총소비,3270701.0
20260728,경주시,관광총소비,3166515.0
20260729,경주시,관광총소비,3404116.0
20260730,경주시,관광총소비,3621812.0
20260731,경주시,관광총소비,3799214.0
20260701,경주시,호텔,47627.0
20260701,경주시,콘도,22301.0
20260701,경주시,캠핑장/펜션,1571.0
20260701,경주시,기타숙박,17434.0
20260701,경주시,육상운송,965868.0
20260701,경주시,렌터카,555.0
20260701,경주시,레저용품쇼핑,57816.0
20260701,경주시,기타관광쇼핑,279208.0
20260701,경주시,관광유원시설,2673.0
20260701,경주시,골프장,85177.0
20260701,경주시,기타레저,9642.0
20260701,경주시,문화서비스,7517.0
20260701,경주시,뷰티,24007.0
20260701,경주시,대형쇼핑몰,27102.0
20260701,경주시,일반외식업,425118.0
20260701,경주시,제과음료업,129000.0
20260702,경주시,호텔,36073.0
20260702,경주시,콘도,15790.0
20260702,경주시,캠핑장/펜션,1373.0
20260702,경주시,기타숙박,25079.0
20260702,경주시,육상운송,1033383.0
20260702,경주시,레저용품쇼핑,35566.0
20260702,경주시,기타관광쇼핑,335174.0
20260702,경주시,관광유원시설,3047.0
20260702,경주시,골프장,217082.0
20260702,경주시,기타레저,9999.0
20260702,경주시,문화서비스,8686.0
20260702,경주시,뷰티,15418.0
20260702,경주시,여행업,29445.0
20260702,경주시,렌터카,193.0
20260702,경주시,대형쇼핑몰,37746.0
20260702,경주시,일반외식업,468190.0
20260702,경주시,제과음료업,156200.0
20260703,경주시,호텔,64745.0
20260703,경주시,콘도,33001.0
20260703,경주시,캠핑장/펜션,7984.0
20260703,경주시,기타숙박,12784.0
20260703,경주시,육상운송,1027959.0
20260703,경주시,레저용품쇼핑,34935.0
20260703,경주시,기타관광쇼핑,419366.0
20260703,경주시,골프장,176018.0
20260703,경주시,기타레저,8285.0
20260703,경주시,문화서비스,10430.0
20260703,경주시,뷰티,15333.0
20260703,경주시,대형쇼핑몰,21739.0
20260703,경주시,관광유원시설,5369.0
20260703,경주시,일반외식업,575508.0
20260703,경주시,제과음료업,176431.0
20260704,경주시,호텔,127738.0
20260704,경주시,콘도,50672.0
20260704,경주시,캠핑장/펜션,9551.0
20260704,경주시,기타숙박,25594.0
20260704,경주시,육상운송,733890.0
20260704,경주시,렌터카,428.0
20260704,경주시,레저용품쇼핑,89925.0
20260704,경주시,기타관광쇼핑,666580.0
20260704,경주시,관광유원시설,10615.0
20260704,경주시,골프장,222596.0
20260704,경주시,기타레저,31586.0
20260704,경주시,문화서비스,23930.0
20260704,경주시,뷰티,21710.0
20260704,경주시,대형쇼핑몰,75992.0
20260704,경주시,일반외식업,1144786.0
20260704,경주시,제과음료업,300925.0
20260705,경주시,호텔,92131.0
20260705,경주시,콘도,48622.0
20260705,경주시,캠핑장/펜션,6073.0
20260705,경주시,기타숙박,15360.0
20260705,경주시,육상운송,482344.0
20260705,경주시,레저용품쇼핑,95852.0
20260705,경주시,기타관광쇼핑,447677.0
20260705,경주시,관광유원시설,14136.0
20260705,경주시,골프장,233809.0
20260705,경주시,기타레저,26246.0
20260705,경주시,문화서비스,18023.0
20260705,경주시,뷰티,20048.0
20260705,경주시,대형쇼핑몰,78706.0
20260705,경주시,일반외식업,969729.0
20260705,경주시,제과음료업,326362.0
20260706,경주시,호텔,43196.0
20260706,경주시,콘도,34557.0
20260706,경주시,캠핑장/펜션,3677.0
20260706,경주시,기타숙박,110267.0
20260706,경주시,육상운송,1064176.0
20260706,경주시,레저용품쇼핑,39024.0
20260706,경주시,기타관광쇼핑,291157.0
20260706,경주시,관광유원시설,3705.0
20260706,경주시,골프장,122656.0
20260706,경주시,기타레저,7256.0
20260706,경주시,문화서비스,8118.0
20260706,경주시,뷰티,11133.0
20260706,경주시,렌터카,80.0
20260706,경주시,대형쇼핑몰,21162.0
20260706,경주시,일반외식업,468119.0
20260706,경주시,제과음료업,130089.0
20260707,경주시,호텔,70290.0
20260707,경주시,콘도,22274.0
20260707,경주시,기타숙박,34731.0
20260707,경주시,육상운송,1089331.0
20260707,경주시,레저용품쇼핑,54157.0
20260707,경주시,기타관광쇼핑,305067.0
20260707,경주시,관광유원시설,3071.0
20260707,경주시,골프장,146895.0
20260707,경주시,기타레저,6425.0
20260707,경주시,문화서비스,6023.0
20260707,경주시,뷰티,11362.0
20260707,경주시,캠핑장/펜션,253.0
20260707,경주시,렌터카,478.0
20260707,경주시,대형쇼핑몰,26113.0
20260707,경주시,일반외식업,415116.0
20260707,경주시,제과음료업,127103.0
20260708,경주시,호텔,27606.0
20260708,경주시,콘도,139039.0
20260708,경주시,캠핑장/펜션,3203.0
20260708,경주시,기타숙박,27052.0
20260708,경주시,육상운송,1129220.0
20260708,경주시,레저용품쇼핑,23648.0
20260708,경주시,기타관광쇼핑,309283.0
20260708,경주시,관광유원시설,2798.0
20260708,경주시,골프장,172670.0
20260708,경주시,기타레저,8086.0
20260708,경주시,문화서비스,6641.0
20260708,경주시,뷰티,11524.0
20260708,경주시,대형쇼핑몰,23498.0
20260708,경주시,일반외식업,456225.0
20260708,경주시,제과음료업,139215.0
20260709,경주시,호텔,52381.0
20260709,경주시,콘도,44602.0
20260709,경주시,캠핑장/펜션,4099.0
20260709,경주시,기타숙박,14244.0
20260709,경주시,육상운송,1167030.0
20260709,경주시,레저용품쇼핑,75483.0
20260709,경주시,기타관광쇼핑,315808.0
20260709,경주시,관광유원시설,3766.0
20260709,경주시,골프장,185423.0
20260709,경주시,기타레저,4524.0
20260709,경주시,문화서비스,7984.0
20260709,경주시,뷰티,22987.0
20260709,경주시,렌터카,452.0
20260709,경주시,대형쇼핑몰,34896.0
20260709,경주시,일반외식업,477620.0
20260709,경주시,제과음료업,133087.0
20260710,경주시,호텔,78741.0
20260710,경주시,콘도,46496.0
20260710,경주시,캠핑장/펜션,3173.0
20260710,경주시,기타숙박,35161.0
20260710,경주시,육상운송,1133866.0
20260710,경주시,레저용품쇼핑,40825.0
20260710,경주시,기타관광쇼핑,391241.0
20260710,경주시,관광유원시설,3673.0
20260710,경주시,골프장,241529.0
20260710,경주시,문화서비스,8519.0
20260710,경주시,뷰티,17367.0
20260710,경주시,렌터카,64.0
20260710,경주시,대형쇼핑몰,59683.0
20260710,경주시,기타레저,9857.0
20260710,경주시,일반외식업,555425.0
20260710,경주시,제과음료업,185609.0
20260711,경주시,호텔,121536.0
20260711,경주시,콘도,55893.0
20260711,경주시,캠핑장/펜션,6573.0
20260711,경주시,기타숙박,27948.0
20260711,경주시,육상운송,616128.0
20260711,경주시,레저용품쇼핑,82927.0
20260711,경주시,기타관광쇼핑,690333.0
20260711,경주시,관광유원시설,10031.0
20260711,경주시,골프장,284048.0
20260711,경주시,기타레저,22911.0
20260711,경주시,문화서비스,21863.0
20260711,경주시,뷰티,24895.0
20260711,경주시,대형쇼핑몰,75841.0
20260711,경주시,일반외식업,1124210.0
20260711,경주시,제과음료업,316936.0
20260712,경주시,호텔,125892.0
20260712,경주시,콘도,62393.0
20260712,경주시,캠핑장/펜션,4310.0
20260712,경주시,기타숙박,20167.0
20260712,경주시,육상운송,484838.0
20260712,경주시,레저용품쇼핑,84716.0
20260712,경주시,기타관광쇼핑,486478.0
20260712,경주시,관광유원시설,15614.0
20260712,경주시,골프장,294475.0
20260712,경주시,기타레저,29483.0
20260712,경주시,문화서비스,25494.0
20260712,경주시,뷰티,16774.0
20260712,경주시,대형쇼핑몰,57809.0
20260712,경주시,일반외식업,976323.0
20260712,경주시,제과음료업,342458.0
20260713,경주시,호텔,78562.0
20260713,경주시,콘도,37195.0
20260713,경주시,캠핑장/펜션,4621.0
20260713,경주시,기타숙박,40065.0
20260713,경주시,육상운송,1072063.0
20260713,경주시,렌터카,4284.0
20260713,경주시,레저용품쇼핑,34402.0
20260713,경주시,기타관광쇼핑,364281.0
20260713,경주시,관광유원시설,4444.0
20260713,경주시,골프장,162425.0
20260713,경주시,기타레저,7577.0
20260713,경주시,문화서비스,9901.0
20260713,경주시,뷰티,14392.0
20260713,경주시,대형쇼핑몰,19033.0
20260713,경주시,일반외식업,500777.0
20260713,경주시,제과음료업,138779.0
20260714,경주시,호텔,29159.0
20260714,경주시,콘도,29498.0
20260714,경주시,캠핑장/펜션,15383.0
20260714,경주시,기타숙박,16985.0
20260714,경주시,육상운송,1179810.0
20260714,경주시,레저용품쇼핑,37337.0
20260714,경주시,기타관광쇼핑,339277.0
20260714,경주시,관광유원시설,6900.0
20260714,경주시,골프장,166546.0
20260714,경주시,기타레저,7005.0
20260714,경주시,문화서비스,5758.0
20260714,경주시,뷰티,11172.0
20260714,경주시,대형쇼핑몰,22307.0
20260714,경주시,일반외식업,476933.0
20260714,경주시,제과음료업,145685.0
20260715,경주시,호텔,46418.0
20260715,경주시,콘도,29081.0
20260715,경주시,기타숙박,34095.0
20260715,경주시,육상운송,1078719.0
20260715,경주시,레저용품쇼핑,33697.0
20260715,경주시,기타관광쇼핑,333886.0
20260715,경주시,골프장,147812.0
20260715,경주시,기타레저,8089.0
20260715,경주시,문화서비스,10314.0
20260715,경주시,뷰티,14922.0
20260715,경주시,캠핑장/펜션,5717.0
20260715,경주시,렌터카,648.0
20260715,경주시,대형쇼핑몰,17427.0
20260715,경주시,관광유원시설,5749.0
20260715,경주시,일반외식업,536869.0
20260715,경주시,제과음료업,123756.0
20260716,경주시,호텔,55267.0
20260716,경주시,콘도,37961.0
20260716,경주시,캠핑장/펜션,15870.0
20260716,경주시,기타숙박,30614.0
20260716,경주시,육상운송,1160414.0
20260716,경주시,레저용품쇼핑,31514.0
20260716,경주시,기타관광쇼핑,437993.0
20260716,경주시,관광유원시설,3648.0
20260716,경주시,골프장,194599.0
20260716,경주시,기타레저,9686.0
20260716,경주시,문화서비스,34529.0
20260716,경주시,뷰티,11863.0
20260716,경주시,렌터카,3839.0
20260716,경주시,대형쇼핑몰,24531.0
20260716,경주시,일반외식업,570365.0
20260716,경주시,제과음료업,169287.0
20260717,경주시,호텔,105612.0
20260717,경주시,콘도,99819.0
20260717,경주시,캠핑장/펜션,11014.0
20260717,경주시,기타숙박,52193.0
20260717,경주시,육상운송,720039.0
20260717,경주시,렌터카,428.0
20260717,경주시,레저용품쇼핑,70329.0
20260717,경주시,기타관광쇼핑,788981.0
20260717,경주시,관광유원시설,19863.0
20260717,경주시,골프장,155651.0
20260717,경주시,기타레저,26606.0
20260717,경주시,문화서비스,39661.0
20260717,경주시,뷰티,21996.0
20260717,경주시,대형쇼핑몰,61743.0
20260717,경주시,일반외식업,1363181.0
20260717,경주시,제과음료업,385658.0
20260718,경주시,호텔,144433.0
20260718,경주시,콘도,63262.0
20260718,경주시,캠핑장/펜션,8844.0
20260718,경주시,기타숙박,23142.0
20260718,경주시,육상운송,586757.0
20260718,경주시,렌터카,3962.0
20260718,경주시,레저용품쇼핑,91069.0
20260718,경주시,기타관광쇼핑,749676.0
20260718,경주시,관광유원시설,21813.0
20260718,경주시,골프장,267252.0
20260718,경주시,기타레저,29059.0
20260718,경주시,문화서비스,39814.0
20260718,경주시,뷰티,31576.0
20260718,경주시,대형쇼핑몰,51704.0
20260718,경주시,일반외식업,1376777.0
20260718,경주시,제과음료업,489150.0
20260719,경주시,호텔,196066.0
20260719,경주시,콘도,68302.0
20260719,경주시,캠핑장/펜션,6412.0
20260719,경주시,기타숙박,16170.0
20260719,경주시,육상운송,469371.0
20260719,경주시,렌터카,2710.0
20260719,경주시,레저용품쇼핑,54315.0
20260719,경주시,기타관광쇼핑,460100.0
20260719,경주시,관광유원시설,13081.0
20260719,경주시,골프장,182171.0
20260719,경주시,기타레저,25442.0
20260719,경주시,문화서비스,22260.0
20260719,경주시,뷰티,18056.0
20260719,경주시,대형쇼핑몰,66782.0
20260719,경주시,일반외식업,969009.0
20260719,경주시,제과음료업,377368.0
20260720,경주시,호텔,43631.0
20260720,경주시,콘도,42524.0
20260720,경주시,기타숙박,25418.0
20260720,경주시,육상운송,1070897.0
20260720,경주시,레저용품쇼핑,30181.0
20260720,경주시,기타관광쇼핑,322271.0
20260720,경주시,관광유원시설,3670.0
20260720,경주시,골프장,132243.0
20260720,경주시,문화서비스,8497.0
20260720,경주시,뷰티,15297.0
20260720,경주시,캠핑장/펜션,4268.0
20260720,경주시,렌터카,278.0
20260720,경주시,대형쇼핑몰,31305.0
20260720,경주시,기타레저,8305.0
20260720,경주시,일반외식업,483705.0
20260720,경주시,제과음료업,145452.0
20260721,경주시,호텔,68028.0
20260721,경주시,콘도,20518.0
20260721,경주시,캠핑장/펜션,1489.0
20260721,경주시,기타숙박,12906.0
20260721,경주시,육상운송,1040293.0
20260721,경주시,레저용품쇼핑,31268.0
20260721,경주시,기타관광쇼핑,304467.0
20260721,경주시,관광유원시설,4508.0
20260721,경주시,골프장,119217.0
20260721,경주시,문화서비스,7261.0
20260721,경주시,뷰티,14634.0
20260721,경주시,렌터카,2532.0
20260721,경주시,대형쇼핑몰,19297.0
20260721,경주시,기타레저,11005.0
20260721,경주시,일반외식업,511293.0
20260721,경주시,제과음료업,140457.0
20260722,경주시,호텔,232493.0
20260722,경주시,콘도,29697.0
20260722,경주시,캠핑장/펜션,3439.0
20260722,경주시,기타숙박,40770.0
20260722,경주시,육상운송,1063241.0
20260722,경주시,레저용품쇼핑,41516.0
20260722,경주시,기타관광쇼핑,405661.0
20260722,경주시,관광유원시설,5376.0
20260722,경주시,골프장,145909.0
20260722,경주시,기타레저,13047.0
20260722,경주시,문화서비스,10199.0
20260722,경주시,뷰티,11677.0
20260722,경주시,렌터카,111.0
20260722,경주시,대형쇼핑몰,21023.0
20260722,경주시,일반외식업,486003.0
20260722,경주시,제과음료업,156719.0
20260723,경주시,호텔,64556.0
20260723,경주시,콘도,33373.0
20260723,경주시,캠핑장/펜션,8222.0
20260723,경주시,기타숙박,28289.0
20260723,경주시,육상운송,1160842.0
20260723,경주시,레저용품쇼핑,32918.0
20260723,경주시,기타관광쇼핑,368938.0
20260723,경주시,관광유원시설,5454.0
20260723,경주시,골프장,145147.0
20260723,경주시,기타레저,11279.0
20260723,경주시,문화서비스,11773.0
20260723,경주시,뷰티,12323.0
20260723,경주시,대형쇼핑몰,31068.0
20260723,경주시,일반외식업,534086.0
20260723,경주시,제과음료업,152520.0
20260724,경주시,호텔,72815.0
20260724,경주시,콘도,50171.0
20260724,경주시,기타숙박,21886.0
20260724,경주시,육상운송,1091569.0
20260724,경주시,레저용품쇼핑,29739.0
20260724,경주시,기타관광쇼핑,440192.0
20260724,경주시,관광유원시설,9098.0
20260724,경주시,골프장,175970.0
20260724,경주시,기타레저,11740.0
20260724,경주시,문화서비스,13068.0
20260724,경주시,뷰티,21547.0
20260724,경주시,캠핑장/펜션,1682.0
20260724,경주시,대형쇼핑몰,24038.0
20260724,경주시,일반외식업,652614.0
20260724,경주시,제과음료업,226552.0
20260725,경주시,호텔,135065.0
20260725,경주시,콘도,75947.0
20260725,경주시,캠핑장/펜션,13629.0
20260725,경주시,기타숙박,34319.0
20260725,경주시,육상운송,634826.0
20260725,경주시,레저용품쇼핑,75399.0
20260725,경주시,기타관광쇼핑,731170.0
20260725,경주시,관광유원시설,11889.0
20260725,경주시,골프장,205945.0
20260725,경주시,기타레저,28193.0
20260725,경주시,문화서비스,28120.0
20260725,경주시,뷰티,32829.0
20260725,경주시,렌터카,494.0
20260725,경주시,대형쇼핑몰,70390.0
20260725,경주시,일반외식업,1153499.0
20260725,경주시,제과음료업,344296.0
20260726,경주시,호텔,148006.0
20260726,경주시,콘도,77116.0
20260726,경주시,캠핑장/펜션,7815.0
20260726,경주시,기타숙박,32369.0
20260726,경주시,육상운송,535747.0
20260726,경주시,레저용품쇼핑,66112.0
20260726,경주시,기타관광쇼핑,602137.0
20260726,경주시,관광유원시설,12892.0
20260726,경주시,골프장,206041.0
20260726,경주시,기타레저,29645.0
20260726,경주시,문화서비스,25542.0
20260726,경주시,뷰티,21451.0
20260726,경주시,렌터카,369.0
20260726,경주시,대형쇼핑몰,70448.0
20260726,경주시,일반외식업,1140086.0
20260726,경주시,제과음료업,356479.0
20260727,경주시,호텔,118103.0
20260727,경주시,콘도,76810.0
20260727,경주시,기타숙박,35803.0
20260727,경주시,육상운송,1259881.0
20260727,경주시,렌터카,370.0
20260727,경주시,레저용품쇼핑,30210.0
20260727,경주시,기타관광쇼핑,476818.0
20260727,경주시,관광유원시설,13339.0
20260727,경주시,골프장,130895.0
20260727,경주시,기타레저,24011.0
20260727,경주시,문화서비스,16411.0
20260727,경주시,뷰티,16884.0
20260727,경주시,캠핑장/펜션,4165.0
20260727,경주시,대형쇼핑몰,19584.0
20260727,경주시,일반외식업,796750.0
20260727,경주시,제과음료업,250666.0
20260728,경주시,호텔,92883.0
20260728,경주시,콘도,75410.0
20260728,경주시,캠핑장/펜션,13039.0
20260728,경주시,기타숙박,28938.0
20260728,경주시,육상운송,1251463.0
20260728,경주시,레저용품쇼핑,29456.0
20260728,경주시,기타관광쇼핑,439151.0
20260728,경주시,관광유원시설,14090.0
20260728,경주시,골프장,144064.0
20260728,경주시,기타레저,27455.0
20260728,경주시,문화서비스,12366.0
20260728,경주시,뷰티,17463.0
20260728,경주시,렌터카,75.0
20260728,경주시,대형쇼핑몰,38132.0
20260728,경주시,일반외식업,763010.0
20260728,경주시,제과음료업,219519.0
20260729,경주시,호텔,142186.0
20260729,경주시,콘도,65988.0
20260729,경주시,캠핑장/펜션,8725.0
20260729,경주시,기타숙박,27551.0
20260729,경주시,육상운송,1202581.0
20260729,경주시,레저용품쇼핑,38878.0
20260729,경주시,기타관광쇼핑,516406.0
20260729,경주시,관광유원시설,12802.0
20260729,경주시,골프장,128311.0
20260729,경주시,기타레저,21117.0
20260729,경주시,문화서비스,31420.0
20260729,경주시,뷰티,21369.0
20260729,경주시,대형쇼핑몰,62697.0
20260729,경주시,일반외식업,874176.0
20260729,경주시,제과음료업,249910.0
20260730,경주시,호텔,133339.0
20260730,경주시,콘도,85812.0
20260730,경주시,캠핑장/펜션,6911.0
20260730,경주시,기타숙박,59944.0
20260730,경주시,육상운송,1143219.0
20260730,경주시,렌터카,2891.0
20260730,경주시,레저용품쇼핑,32454.0
20260730,경주시,기타관광쇼핑,603876.0
20260730,경주시,관광유원시설,12412.0
20260730,경주시,골프장,185496.0
20260730,경주시,기타레저,22799.0
20260730,경주시,문화서비스,24257.0
20260730,경주시,뷰티,19024.0
20260730,경주시,여행업,62.0
20260730,경주시,대형쇼핑몰,27723.0
20260730,경주시,일반외식업,976348.0
20260730,경주시,제과음료업,285245.0
20260731,경주시,호텔,176567.0
20260731,경주시,콘도,88172.0
20260731,경주시,캠핑장/펜션,9915.0
20260731,경주시,기타숙박,38766.0
20260731,경주시,육상운송,1089977.0
20260731,경주시,렌터카,428.0
20260731,경주시,레저용품쇼핑,46150.0
20260731,경주시,기타관광쇼핑,619151.0
20260731,경주시,관광유원시설,15654.0
20260731,경주시,골프장,184177.0
20260731,경주시,기타레저,27911.0
20260731,경주시,문화서비스,27706.0
20260731,경주시,뷰티,26918.0
20260731,경주시,대형쇼핑몰,57129.0
20260731,경주시,일반외식업,1061117.0
20260731,경주시,제과음료업,329478.0
20260703,경주시,렌터카,0.0
20260711,경주시,렌터카,0.0
20260714,경주시,렌터카,0.0
20260723,경주시,렌터카,0.0
20260724,경주시,렌터카,0.0
20260729,경주시,렌터카,0.0
