지점,지점명,일시,기온(°C),강수량(mm),습도(%)
283,경주시,2026-07-01 1:00,19.7,,93
283,경주시,2026-07-01 2:00,19.2,,95
283,경주시,2026-07-01 3:00,19.3,,96
283,경주시,2026-07-01 4:00,19.4,,95
283,경주시,2026-07-01 5:00,19.3,0,95
283,경주시,2026-07-01 6:00,19.3,0,96
283,경주시,2026-07-01 7:00,19.7,0.2,96
283,경주시,2026-07-01 8:00,19.9,1.7,97
283,경주시,2026-07-01 9:00,20.7,0.5,96
283,경주시,2026-07-01 10:00,20.8,0.5,90
283,경주시,2026-07-01 11:00,21.7,0,85
283,경주시,2026-07-01 12:00,21.3,1.1,92
283,경주시,2026-07-01 13:00,20.4,2.1,88
283,경주시,2026-07-01 14:00,20.1,4,91
283,경주시,2026-07-01 15:00,20.1,0.3,90
283,경주시,2026-07-01 16:00,20,0,95
283,경주시,2026-07-01 17:00,19.4,0.1,96
283,경주시,2026-07-01 18:00,19.6,,94
283,경주시,2026-07-01 19:00,19.5,,94
283,경주시,2026-07-01 20:00,19.2,0,96
283,경주시,2026-07-01 21:00,19.5,,93
283,경주시,2026-07-01 22:00,19.6,,94
283,경주시,2026-07-01 23:00,19.4,,96
283,경주시,2026-07-02 0:00,18.9,,97
283,경주시,2026-07-02 1:00,19,,97
283,경주시,2026-07-02 2:00,19.2,,96
283,경주시,2026-07-02 3:00,19.5,,94
283,경주시,2026-07-02 4:00,19.5,,94
283,경주시,2026-07-02 5:00,19.5,,94
283,경주시,2026-07-02 6:00,19.5,,95
283,경주시,2026-07-02 7:00,20.4,,89
283,경주시,2026-07-02 8:00,22.4,,84
283,경주시,2026-07-02 9:00,23.8,,74
283,경주시,2026-07-02 10:00,24,,73
283,경주시,2026-07-02 11:00,24.6,,68
283,경주시,2026-07-02 12:00,26.4,,60
283,경주시,2026-07-02 13:00,26.3,,59
283,경주시,2026-07-02 14:00,27.2,,59
283,경주시,2026-07-02 15:00,27.8,,58
283,경주시,2026-07-02 16:00,28.2,,53
283,경주시,2026-07-02 17:00,27.6,,55
283,경주시,2026-07-02 18:00,25.6,,70
283,경주시,2026-07-02 19:00,24.3,,74
283,경주시,2026-07-02 20:00,23.3,,80
283,경주시,2026-07-02 21:00,22.5,,81
283,경주시,2026-07-02 22:00,21.9,,84
283,경주시,2026-07-02 23:00,20.6,,92
283,경주시,2026-07-03 0:00,20.7,,94
283,경주시,2026-07-03 1:00,20.6,,93
283,경주시,2026-07-03 2:00,20.4,,94
283,경주시,2026-07-03 3:00,20.2,,95
283,경주시,2026-07-03 4:00,20.3,,94
283,경주시,2026-07-03 5:00,20.6,,93
283,경주시,2026-07-03 6:00,20.6,,93
283,경주시,2026-07-03 7:00,21.3,,91
283,경주시,2026-07-03 8:00,22.9,0,87
283,경주시,2026-07-03 9:00,25.2,,74
283,경주시,2026-07-03 10:00,28.4,,66
283,경주시,2026-07-03 11:00,28.9,,59
283,경주시,2026-07-03 12:00,29.8,,56
283,경주시,2026-07-03 13:00,30.7,,54
283,경주시,2026-07-03 14:00,28.9,,61
283,경주시,2026-07-03 15:00,28.6,,68
283,경주시,2026-07-03 16:00,28.8,,65
283,경주시,2026-07-03 17:00,27.9,,66
283,경주시,2026-07-03 18:00,27.7,,68
283,경주시,2026-07-03 19:00,26.3,,73
283,경주시,2026-07-03 20:00,25,,78
283,경주시,2026-07-03 21:00,24.3,,80
283,경주시,2026-07-03 22:00,23.8,,81
283,경주시,2026-07-03 23:00,23.2,,85
283,경주시,2026-07-04 0:00,22.1,,92
283,경주시,2026-07-04 1:00,22.6,,88
283,경주시,2026-07-04 2:00,22.2,,90
283,경주시,2026-07-04 3:00,22.2,,89
283,경주시,2026-07-04 4:00,22.1,,88
283,경주시,2026-07-04 5:00,21.7,,92
283,경주시,2026-07-04 6:00,21.5,,93
283,경주시,2026-07-04 7:00,22,,91
283,경주시,2026-07-04 8:00,22.7,0,87
283,경주시,2026-07-04 9:00,23.7,0,84
283,경주시,2026-07-04 10:00,25.5,,75
283,경주시,2026-07-04 11:00,26.4,,75
283,경주시,2026-07-04 12:00,27.7,,71
283,경주시,2026-07-04 13:00,30.2,,63
283,경주시,2026-07-04 14:00,29.7,,64
283,경주시,2026-07-04 15:00,29.4,,63
283,경주시,2026-07-04 16:00,30.3,,58
283,경주시,2026-07-04 17:00,30.5,,53
283,경주시,2026-07-04 18:00,28.7,,68
283,경주시,2026-07-04 19:00,27.2,,73
283,경주시,2026-07-04 20:00,25.9,,76
283,경주시,2026-07-04 21:00,25.2,,77
283,경주시,2026-07-04 22:00,24.8,,78
283,경주시,2026-07-04 23:00,24.3,,80
283,경주시,2026-07-05 0:00,24,,82
283,경주시,2026-07-05 1:00,23.8,,83
283,경주시,2026-07-05 2:00,23,0,89
283,경주시,2026-07-05 3:00,22.7,0,92
283,경주시,2026-07-05 4:00,22.3,0,95
283,경주시,2026-07-05 5:00,22.5,0,91
283,경주시,2026-07-05 6:00,22.3,0,95
283,경주시,2026-07-05 7:00,22.9,0,93
283,경주시,2026-07-05 8:00,23.8,0,89
283,경주시,2026-07-05 9:00,25.4,,83
283,경주시,2026-07-05 10:00,26.2,,76
283,경주시,2026-07-05 11:00,27.5,,70
283,경주시,2026-07-05 12:00,27.6,,73
283,경주시,2026-07-05 13:00,27.6,,75
283,경주시,2026-07-05 14:00,27,0,77
283,경주시,2026-07-05 15:00,27.9,,76
283,경주시,2026-07-05 16:00,28.4,,72
283,경주시,2026-07-05 17:00,28.1,,73
283,경주시,2026-07-05 18:00,28,,74
283,경주시,2026-07-05 19:00,27,,77
283,경주시,2026-07-05 20:00,25.8,,81
283,경주시,2026-07-05 21:00,25.3,,82
283,경주시,2026-07-05 22:00,24.8,,84
283,경주시,2026-07-05 23:00,24.2,,86
283,경주시,2026-07-06 0:00,24.2,,87
283,경주시,2026-07-06 1:00,24.2,,86
283,경주시,2026-07-06 2:00,23.5,,90
283,경주시,2026-07-06 3:00,23.1,0.2,94
283,경주시,2026-07-06 4:00,23,0,95
283,경주시,2026-07-06 5:00,22.7,,97
283,경주시,2026-07-06 6:00,22.8,,96
283,경주시,2026-07-06 7:00,25.2,,91
283,경주시,2026-07-06 8:00,25.5,,84
283,경주시,2026-07-06 9:00,26.1,,82
283,경주시,2026-07-06 10:00,26.8,,76
283,경주시,2026-07-06 11:00,28.3,0,74
283,경주시,2026-07-06 12:00,29.7,,66
283,경주시,2026-07-06 13:00,31.5,,65
283,경주시,2026-07-06 14:00,32,,60
283,경주시,2026-07-06 15:00,33.1,,53
283,경주시,2026-07-06 16:00,32.4,,55
283,경주시,2026-07-06 17:00,32.8,,55
283,경주시,2026-07-06 18:00,31.4,,60
283,경주시,2026-07-06 19:00,30.9,,64
283,경주시,2026-07-06 20:00,29.1,,70
283,경주시,2026-07-06 21:00,27.9,,77
283,경주시,2026-07-06 22:00,27.2,,79
283,경주시,2026-07-06 23:00,25.9,,85
283,경주시,2026-07-07 0:00,25.4,,88
283,경주시,2026-07-07 1:00,24.4,,92
283,경주시,2026-07-07 2:00,23.8,,94
283,경주시,2026-07-07 3:00,23.8,,94
283,경주시,2026-07-07 4:00,23.8,,94
283,경주시,2026-07-07 5:00,23.8,,94
283,경주시,2026-07-07 6:00,24.2,,93
283,경주시,2026-07-07 7:00,26.5,,86
283,경주시,2026-07-07 8:00,26.1,,84
283,경주시,2026-07-07 9:00,26.6,0,83
283,경주시,2026-07-07 10:00,26.6,0,85
283,경주시,2026-07-07 11:00,29,,74
283,경주시,2026-07-07 12:00,31.7,,67
283,경주시,2026-07-07 13:00,31.1,,67
283,경주시,2026-07-07 14:00,33.2,,61
283,경주시,2026-07-07 15:00,33.5,,62
283,경주시,2026-07-07 16:00,32.3,,62
283,경주시,2026-07-07 17:00,31.6,,66
283,경주시,2026-07-07 18:00,30.9,,68
283,경주시,2026-07-07 19:00,29.9,,72
283,경주시,2026-07-07 20:00,28.2,,78
283,경주시,2026-07-07 21:00,27.3,,81
283,경주시,2026-07-07 22:00,26.5,,85
283,경주시,2026-07-07 23:00,26,,87
283,경주시,2026-07-08 0:00,25.6,,88
283,경주시,2026-07-08 1:00,24.9,,88
283,경주시,2026-07-08 2:00,24.8,,85
283,경주시,2026-07-08 3:00,24.6,,86
283,경주시,2026-07-08 4:00,24.6,,84
283,경주시,2026-07-08 5:00,23.2,,88
283,경주시,2026-07-08 6:00,22.7,,92
283,경주시,2026-07-08 7:00,25.3,,82
283,경주시,2026-07-08 8:00,28.2,,70
283,경주시,2026-07-08 9:00,30.6,,64
283,경주시,2026-07-08 10:00,30.2,,65
283,경주시,2026-07-08 11:00,30,,66
283,경주시,2026-07-08 12:00,30.7,,64
283,경주시,2026-07-08 13:00,31,,60
283,경주시,2026-07-08 14:00,30.7,,60
283,경주시,2026-07-08 15:00,30.7,,60
283,경주시,2026-07-08 16:00,30.9,,57
283,경주시,2026-07-08 17:00,30.5,,61
283,경주시,2026-07-08 18:00,29.9,,65
283,경주시,2026-07-08 19:00,29,,69
283,경주시,2026-07-08 20:00,27.9,,74
283,경주시,2026-07-08 21:00,27.3,,76
283,경주시,2026-07-08 22:00,27.2,,77
283,경주시,2026-07-08 23:00,26.9,,80
283,경주시,2026-07-09 0:00,27,,77
283,경주시,2026-07-09 1:00,26.8,,77
283,경주시,2026-07-09 2:00,27.1,,73
283,경주시,2026-07-09 3:00,27,,72
283,경주시,2026-07-09 4:00,26,,78
283,경주시,2026-07-09 5:00,25.7,,79
283,경주시,2026-07-09 6:00,26.3,,77
283,경주시,2026-07-09 7:00,28.2,,72
283,경주시,2026-07-09 8:00,28.5,,70
283,경주시,2026-07-09 9:00,30.4,,65
283,경주시,2026-07-09 10:00,31.5,,61
283,경주시,2026-07-09 11:00,32.7,,51
283,경주시,2026-07-09 12:00,31.1,,54
283,경주시,2026-07-09 13:00,33.4,,50
283,경주시,2026-07-09 14:00,31.9,,52
283,경주시,2026-07-09 15:00,32.9,,54
283,경주시,2026-07-09 16:00,31.9,,57
283,경주시,2026-07-09 17:00,31.4,,58
283,경주시,2026-07-09 18:00,29.7,,64
283,경주시,2026-07-09 19:00,28.4,,71
283,경주시,2026-07-09 20:00,27.3,,74
283,경주시,2026-07-09 21:00,26.7,,77
283,경주시,2026-07-09 22:00,26.3,,79
283,경주시,2026-07-09 23:00,25.6,,81
283,경주시,2026-07-10 0:00,25.1,,84
283,경주시,2026-07-10 1:00,24.5,,86
283,경주시,2026-07-10 2:00,23.3,,92
283,경주시,2026-07-10 3:00,22.9,,93
283,경주시,2026-07-10 4:00,23.1,,92
283,경주시,2026-07-10 5:00,22.9,,92
283,경주시,2026-07-10 6:00,22.2,,95
283,경주시,2026-07-10 7:00,24.1,,88
283,경주시,2026-07-10 8:00,25.6,,81
283,경주시,2026-07-10 9:00,29.7,,68
283,경주시,2026-07-10 10:00,30.4,,63
283,경주시,2026-07-10 11:00,31.9,,58
283,경주시,2026-07-10 12:00,32.9,,54
283,경주시,2026-07-10 13:00,34.3,,49
283,경주시,2026-07-10 14:00,34.6,,51
283,경주시,2026-07-10 15:00,33.1,,52
283,경주시,2026-07-10 16:00,34.9,,51
283,경주시,2026-07-10 17:00,33.6,,56
283,경주시,2026-07-10 18:00,33,,54
283,경주시,2026-07-10 19:00,31.5,,58
283,경주시,2026-07-10 20:00,29.5,,67
283,경주시,2026-07-10 21:00,28.1,,74
283,경주시,2026-07-10 22:00,27.1,,78
283,경주시,2026-07-10 23:00,25.9,,84
283,경주시,2026-07-11 0:00,24.6,,89
283,경주시,2026-07-11 1:00,23.9,,92
283,경주시,2026-07-11 2:00,23.3,,93
283,경주시,2026-07-11 3:00,23.4,,91
283,경주시,2026-07-11 4:00,22.5,,94
283,경주시,2026-07-11 5:00,22.1,,94
283,경주시,2026-07-11 6:00,22.4,,94
283,경주시,2026-07-11 7:00,24.8,,86
283,경주시,2026-07-11 8:00,27.4,,74
283,경주시,2026-07-11 9:00,30.4,,63
283,경주시,2026-07-11 10:00,32.4,,60
283,경주시,2026-07-11 11:00,33.3,,54
283,경주시,2026-07-11 12:00,33.9,,55
283,경주시,2026-07-11 13:00,35.9,,51
283,경주시,2026-07-11 14:00,36.5,,44
283,경주시,2026-07-11 15:00,34.7,,57
283,경주시,2026-07-11 16:00,35.5,,52
283,경주시,2026-07-11 17:00,35.3,,52
283,경주시,2026-07-11 18:00,34.6,,49
283,경주시,2026-07-11 19:00,32.9,,59
283,경주시,2026-07-11 20:00,30.4,,65
283,경주시,2026-07-11 21:00,28.8,,72
283,경주시,2026-07-11 22:00,26.9,,79
283,경주시,2026-07-11 23:00,26,,83
283,경주시,2026-07-12 0:00,25.4,,86
283,경주시,2026-07-12 1:00,25,,88
283,경주시,2026-07-12 2:00,24.5,,89
283,경주시,2026-07-12 3:00,24.1,,89
283,경주시,2026-07-12 4:00,23.8,,90
283,경주시,2026-07-12 5:00,23.3,,92
283,경주시,2026-07-12 6:00,24.2,,89
283,경주시,2026-07-12 7:00,27,,79
283,경주시,2026-07-12 8:00,29.8,,68
283,경주시,2026-07-12 9:00,31.2,,59
283,경주시,2026-07-12 10:00,33.1,,56
283,경주시,2026-07-12 11:00,34,,54
283,경주시,2026-07-12 12:00,34.7,,55
283,경주시,2026-07-12 13:00,35.2,,49
283,경주시,2026-07-12 14:00,35,,48
283,경주시,2026-07-12 15:00,34.2,,54
283,경주시,2026-07-12 16:00,35.1,,51
283,경주시,2026-07-12 17:00,34.1,,54
283,경주시,2026-07-12 18:00,33.2,,57
283,경주시,2026-07-12 19:00,31.1,,66
283,경주시,2026-07-12 20:00,29.7,,72
283,경주시,2026-07-12 21:00,28.7,,76
283,경주시,2026-07-12 22:00,28.1,,79
283,경주시,2026-07-12 23:00,27.2,,84
283,경주시,2026-07-13 0:00,26.6,,86
283,경주시,2026-07-13 1:00,26.3,,87
283,경주시,2026-07-13 2:00,25.5,,90
283,경주시,2026-07-13 3:00,24.9,,93
283,경주시,2026-07-13 4:00,24.7,,94
283,경주시,2026-07-13 5:00,24.4,,94
283,경주시,2026-07-13 6:00,24.6,,94
283,경주시,2026-07-13 7:00,27.1,,84
283,경주시,2026-07-13 8:00,29.6,,75
283,경주시,2026-07-13 9:00,32,,65
283,경주시,2026-07-13 10:00,32.9,,55
283,경주시,2026-07-13 11:00,34.8,,50
283,경주시,2026-07-13 12:00,34.9,,47
283,경주시,2026-07-13 13:00,35.6,,45
283,경주시,2026-07-13 14:00,35.6,,45
283,경주시,2026-07-13 15:00,36.2,,44
283,경주시,2026-07-13 16:00,35.8,,47
283,경주시,2026-07-13 17:00,35,,46
283,경주시,2026-07-13 18:00,33.8,,55
283,경주시,2026-07-13 19:00,31.5,,62
283,경주시,2026-07-13 20:00,29.7,,68
283,경주시,2026-07-13 21:00,28.4,,75
283,경주시,2026-07-13 22:00,27.9,,74
283,경주시,2026-07-13 23:00,27.1,,79
283,경주시,2026-07-14 0:00,26.6,,84
283,경주시,2026-07-14 1:00,26.8,,83
283,경주시,2026-07-14 2:00,27.3,,80
283,경주시,2026-07-14 3:00,26.3,,84
283,경주시,2026-07-14 4:00,25.2,,90
283,경주시,2026-07-14 5:00,25.1,,91
283,경주시,2026-07-14 6:00,25.9,,87
283,경주시,2026-07-14 7:00,28.3,,76
283,경주시,2026-07-14 8:00,30,,66
283,경주시,2026-07-14 9:00,30.8,,64
283,경주시,2026-07-14 10:00,31.4,,61
283,경주시,2026-07-14 11:00,32.7,,61
283,경주시,2026-07-14 12:00,34.5,,52
283,경주시,2026-07-14 13:00,33.8,,53
283,경주시,2026-07-14 14:00,33.4,,58
283,경주시,2026-07-14 15:00,32,,63
283,경주시,2026-07-14 16:00,30.7,,68
283,경주시,2026-07-14 17:00,30.2,,69
283,경주시,2026-07-14 18:00,29.2,,72
283,경주시,2026-07-14 19:00,28.6,,75
283,경주시,2026-07-14 20:00,28.1,,77
283,경주시,2026-07-14 21:00,28.2,,75
283,경주시,2026-07-14 22:00,27.8,0,78
283,경주시,2026-07-14 23:00,27.6,0,80
283,경주시,2026-07-15 0:00,28,0,76
283,경주시,2026-07-15 1:00,28.5,,72
283,경주시,2026-07-15 2:00,28.4,0,73
283,경주시,2026-07-15 3:00,28.6,,72
283,경주시,2026-07-15 4:00,29.5,,67
283,경주시,2026-07-15 5:00,30,,65
283,경주시,2026-07-15 6:00,29.7,,66
283,경주시,2026-07-15 7:00,30.5,,66
283,경주시,2026-07-15 8:00,31.4,,63
283,경주시,2026-07-15 9:00,32.4,,61
283,경주시,2026-07-15 10:00,34.1,,56
283,경주시,2026-07-15 11:00,34.4,,54
283,경주시,2026-07-15 12:00,35.7,,51
283,경주시,2026-07-15 13:00,36.2,,47
283,경주시,2026-07-15 14:00,36.8,,40
283,경주시,2026-07-15 15:00,37.3,,37
283,경주시,2026-07-15 16:00,36.7,,35
283,경주시,2026-07-15 17:00,35.7,,34
283,경주시,2026-07-15 18:00,33.9,,39
283,경주시,2026-07-15 19:00,32,,41
283,경주시,2026-07-15 20:00,30.6,,43
283,경주시,2026-07-15 21:00,29.5,,50
283,경주시,2026-07-15 22:00,29.2,,51
283,경주시,2026-07-15 23:00,28.5,,53
283,경주시,2026-07-16 0:00,28.2,,55
283,경주시,2026-07-16 1:00,25.7,,65
283,경주시,2026-07-16 2:00,25.3,,68
283,경주시,2026-07-16 3:00,26.3,,64
283,경주시,2026-07-16 4:00,25.7,,66
283,경주시,2026-07-16 5:00,25.2,,70
283,경주시,2026-07-16 6:00,25.7,,66
283,경주시,2026-07-16 7:00,26.9,,63
283,경주시,2026-07-16 8:00,28.8,,56
283,경주시,2026-07-16 9:00,31.1,,52
283,경주시,2026-07-16 10:00,29.4,,55
283,경주시,2026-07-16 11:00,30.9,,51
283,경주시,2026-07-16 12:00,33.2,,43
283,경주시,2026-07-16 13:00,34.1,,44
283,경주시,2026-07-16 14:00,35.9,,37
283,경주시,2026-07-16 15:00,33.5,,45
283,경주시,2026-07-16 16:00,33.8,,39
283,경주시,2026-07-16 17:00,33.6,,39
283,경주시,2026-07-16 18:00,32.5,,45
283,경주시,2026-07-16 19:00,31.4,,52
283,경주시,2026-07-16 20:00,30.2,,62
283,경주시,2026-07-16 21:00,29.5,,66
283,경주시,2026-07-16 22:00,28.3,,71
283,경주시,2026-07-16 23:00,27,,71
283,경주시,2026-07-17 0:00,26.7,,75
283,경주시,2026-07-17 1:00,25.4,,84
283,경주시,2026-07-17 2:00,25.4,,84
283,경주시,2026-07-17 3:00,25.5,,83
283,경주시,2026-07-17 4:00,25.3,,86
283,경주시,2026-07-17 5:00,25.5,,85
283,경주시,2026-07-17 6:00,25.6,,83
283,경주시,2026-07-17 7:00,26.3,,83
283,경주시,2026-07-17 8:00,28.2,,76
283,경주시,2026-07-17 9:00,29.5,,66
283,경주시,2026-07-17 10:00,30.1,,65
283,경주시,2026-07-17 11:00,32,,59
283,경주시,2026-07-17 12:00,32.8,,54
283,경주시,2026-07-17 13:00,32.6,,58
283,경주시,2026-07-17 14:00,30.5,,66
283,경주시,2026-07-17 15:00,30.9,,63
283,경주시,2026-07-17 16:00,30.1,,63
283,경주시,2026-07-17 17:00,24.1,4.2,91
283,경주시,2026-07-17 18:00,23.6,4.4,95
283,경주시,2026-07-17 19:00,23.1,5.4,96
283,경주시,2026-07-17 20:00,23.3,0.2,93
283,경주시,2026-07-17 21:00,23.3,0.1,93
283,경주시,2026-07-17 22:00,23.2,0,94
283,경주시,2026-07-17 23:00,23.2,0.2,96
283,경주시,2026-07-18 0:00,23,0,96
283,경주시,2026-07-18 1:00,23,,96
283,경주시,2026-07-18 2:00,23.1,,95
283,경주시,2026-07-18 3:00,23.1,,95
283,경주시,2026-07-18 4:00,23.1,,95
283,경주시,2026-07-18 5:00,23.2,,95
283,경주시,2026-07-18 6:00,23.2,,96
283,경주시,2026-07-18 7:00,24.5,,93
283,경주시,2026-07-18 8:00,27.3,,85
283,경주시,2026-07-18 9:00,29,,79
283,경주시,2026-07-18 10:00,29.6,,74
283,경주시,2026-07-18 11:00,29.6,,75
283,경주시,2026-07-18 12:00,32.2,,68
283,경주시,2026-07-18 13:00,33,,67
283,경주시,2026-07-18 14:00,33,,66
283,경주시,2026-07-18 15:00,32.6,,68
283,경주시,2026-07-18 16:00,32.5,,66
283,경주시,2026-07-18 17:00,32.2,,69
283,경주시,2026-07-18 18:00,26.2,,77
283,경주시,2026-07-18 19:00,25.1,,77
283,경주시,2026-07-18 20:00,23.7,,82
283,경주시,2026-07-18 21:00,23.7,,82
283,경주시,2026-07-18 22:00,23.4,,85
283,경주시,2026-07-18 23:00,23.1,,87
283,경주시,2026-07-19 0:00,23,,88
283,경주시,2026-07-19 1:00,23,,88
283,경주시,2026-07-19 2:00,22.9,0,89
283,경주시,2026-07-19 3:00,22.5,0.4,95
283,경주시,2026-07-19 4:00,22.5,0.2,95
283,경주시,2026-07-19 5:00,22.6,,95
283,경주시,2026-07-19 6:00,22.7,,93
283,경주시,2026-07-19 7:00,23,,93
283,경주시,2026-07-19 8:00,23.2,0.1,93
283,경주시,2026-07-19 9:00,23.7,,92
283,경주시,2026-07-19 10:00,25.2,,86
283,경주시,2026-07-19 11:00,26.6,,81
283,경주시,2026-07-19 12:00,28.6,,77
283,경주시,2026-07-19 13:00,28,,80
283,경주시,2026-07-19 14:00,28.4,,77
283,경주시,2026-07-19 15:00,28.8,,77
283,경주시,2026-07-19 16:00,29,,75
283,경주시,2026-07-19 17:00,28.7,,75
283,경주시,2026-07-19 18:00,27,,79
283,경주시,2026-07-19 19:00,25.4,,84
283,경주시,2026-07-19 20:00,24.9,,87
283,경주시,2026-07-19 21:00,25.1,,88
283,경주시,2026-07-19 22:00,24.6,,86
283,경주시,2026-07-19 23:00,24.1,,89
283,경주시,2026-07-20 0:00,23.8,,91
283,경주시,2026-07-20 1:00,23.8,,90
283,경주시,2026-07-20 2:00,23.7,,91
283,경주시,2026-07-20 3:00,23.7,,91
283,경주시,2026-07-20 4:00,23.8,,90
283,경주시,2026-07-20 5:00,23.6,,91
283,경주시,2026-07-20 6:00,23.7,,90
283,경주시,2026-07-20 7:00,24.1,,88
283,경주시,2026-07-20 8:00,24.2,,88
283,경주시,2026-07-20 9:00,25.3,,87
283,경주시,2026-07-20 10:00,26.7,,81
283,경주시,2026-07-20 11:00,30,,76
283,경주시,2026-07-20 12:00,29.9,,72
283,경주시,2026-07-20 13:00,32.1,,69
283,경주시,2026-07-20 14:00,30.9,,70
283,경주시,2026-07-20 15:00,31.3,,71
283,경주시,2026-07-20 16:00,30.2,,73
283,경주시,2026-07-20 17:00,27.6,,79
283,경주시,2026-07-20 18:00,26.5,,83
283,경주시,2026-07-20 19:00,25.7,,86
283,경주시,2026-07-20 20:00,24.7,,90
283,경주시,2026-07-20 21:00,24.4,,92
283,경주시,2026-07-20 22:00,24,,94
283,경주시,2026-07-20 23:00,23.5,,96
283,경주시,2026-07-21 0:00,23.4,,96
283,경주시,2026-07-21 1:00,23.4,,96
283,경주시,2026-07-21 2:00,23.1,,96
283,경주시,2026-07-21 3:00,22.7,,97
283,경주시,2026-07-21 4:00,23,,97
283,경주시,2026-07-21 5:00,22.8,,97
283,경주시,2026-07-21 6:00,23.2,,96
283,경주시,2026-07-21 7:00,25.5,,90
283,경주시,2026-07-21 8:00,28.7,,75
283,경주시,2026-07-21 9:00,32.4,,65
283,경주시,2026-07-21 10:00,31.7,,61
283,경주시,2026-07-21 11:00,32.2,,58
283,경주시,2026-07-21 12:00,33.2,,56
283,경주시,2026-07-21 13:00,34,,56
283,경주시,2026-07-21 14:00,34.3,,52
283,경주시,2026-07-21 15:00,34.5,,55
283,경주시,2026-07-21 16:00,34.3,,57
283,경주시,2026-07-21 17:00,33.5,,59
283,경주시,2026-07-21 18:00,32.4,,63
283,경주시,2026-07-21 19:00,30.6,,68
283,경주시,2026-07-21 20:00,29.1,,73
283,경주시,2026-07-21 21:00,28.6,,75
283,경주시,2026-07-21 22:00,28.1,,76
283,경주시,2026-07-21 23:00,27.4,,79
283,경주시,2026-07-22 0:00,26.6,,83
283,경주시,2026-07-22 1:00,26.4,,83
283,경주시,2026-07-22 2:00,25.7,,86
283,경주시,2026-07-22 3:00,25.1,,89
283,경주시,2026-07-22 4:00,25.6,,85
283,경주시,2026-07-22 5:00,25.1,,87
283,경주시,2026-07-22 6:00,24.5,,90
283,경주시,2026-07-22 7:00,26.4,,84
283,경주시,2026-07-22 8:00,30.8,,67
283,경주시,2026-07-22 9:00,32.2,,63
283,경주시,2026-07-22 10:00,33,,58
283,경주시,2026-07-22 11:00,34.2,,53
283,경주시,2026-07-22 12:00,35.4,,52
283,경주시,2026-07-22 13:00,35.9,,48
283,경주시,2026-07-22 14:00,36.7,,48
283,경주시,2026-07-22 15:00,36.6,,44
283,경주시,2026-07-22 16:00,35.9,,47
283,경주시,2026-07-22 17:00,35.4,,50
283,경주시,2026-07-22 18:00,34.4,,53
283,경주시,2026-07-22 19:00,32.4,,59
283,경주시,2026-07-22 20:00,31.1,,63
283,경주시,2026-07-22 21:00,29.9,,67
283,경주시,2026-07-22 22:00,29.2,,69
283,경주시,2026-07-22 23:00,28.5,,70
283,경주시,2026-07-23 0:00,27.7,,75
283,경주시,2026-07-23 1:00,26.4,,83
283,경주시,2026-07-23 2:00,25.3,,87
283,경주시,2026-07-23 3:00,24.9,,88
283,경주시,2026-07-23 4:00,24.5,,90
283,경주시,2026-07-23 5:00,23.8,,91
283,경주시,2026-07-23 6:00,23.9,,91
283,경주시,2026-07-23 7:00,26.5,,79
283,경주시,2026-07-23 8:00,29.1,,74
283,경주시,2026-07-23 9:00,31.9,,63
283,경주시,2026-07-23 10:00,31.1,,62
283,경주시,2026-07-23 11:00,33.1,,57
283,경주시,2026-07-23 12:00,33.9,,54
283,경주시,2026-07-23 13:00,34.4,,53
283,경주시,2026-07-23 14:00,36.2,,48
283,경주시,2026-07-23 15:00,36.6,,47
283,경주시,2026-07-23 16:00,36.4,,45
283,경주시,2026-07-23 17:00,36.3,,46
283,경주시,2026-07-23 18:00,34.8,,52
283,경주시,2026-07-23 19:00,34,,53
283,경주시,2026-07-23 20:00,31.1,,68
283,경주시,2026-07-23 21:00,29.9,,73
283,경주시,2026-07-23 22:00,29.2,,77
283,경주시,2026-07-23 23:00,26.9,,82
283,경주시,2026-07-24 0:00,26.5,,84
283,경주시,2026-07-24 1:00,25.9,,88
283,경주시,2026-07-24 2:00,25.6,,90
283,경주시,2026-07-24 3:00,25.5,,91
283,경주시,2026-07-24 4:00,24.9,,94
283,경주시,2026-07-24 5:00,24.7,,94
283,경주시,2026-07-24 6:00,24.9,,93
283,경주시,2026-07-24 7:00,27,,85
283,경주시,2026-07-24 8:00,30.5,,68
283,경주시,2026-07-24 9:00,32.2,,60
283,경주시,2026-07-24 10:00,34.2,,48
283,경주시,2026-07-24 11:00,35.3,,44
283,경주시,2026-07-24 12:00,36.4,,39
283,경주시,2026-07-24 13:00,36.8,,36
283,경주시,2026-07-24 14:00,37.5,,35
283,경주시,2026-07-24 15:00,37.8,,35
283,경주시,2026-07-24 16:00,38,,38
283,경주시,2026-07-24 17:00,35.1,,48
283,경주시,2026-07-24 18:00,34.8,,50
283,경주시,2026-07-24 19:00,33.2,,50
283,경주시,2026-07-24 20:00,31.5,,57
283,경주시,2026-07-24 21:00,29.9,,67
283,경주시,2026-07-24 22:00,29.7,,71
283,경주시,2026-07-24 23:00,28.5,,76
283,경주시,2026-07-25 0:00,27,,84
283,경주시,2026-07-25 1:00,26.3,,87
283,경주시,2026-07-25 2:00,25.8,,89
283,경주시,2026-07-25 3:00,25.3,,91
283,경주시,2026-07-25 4:00,24.8,,93
283,경주시,2026-07-25 5:00,24.5,,94
283,경주시,2026-07-25 6:00,24.6,,93
283,경주시,2026-07-25 7:00,27.4,,83
283,경주시,2026-07-25 8:00,29.4,,75
283,경주시,2026-07-25 9:00,31.2,,69
283,경주시,2026-07-25 10:00,31.7,,65
283,경주시,2026-07-25 11:00,34.5,,58
283,경주시,2026-07-25 12:00,35.2,,55
283,경주시,2026-07-25 13:00,35.4,,48
283,경주시,2026-07-25 14:00,37.5,,45
283,경주시,2026-07-25 15:00,37.6,,39
283,경주시,2026-07-25 16:00,37,,41
283,경주시,2026-07-25 17:00,37.1,,40
283,경주시,2026-07-25 18:00,35.6,,48
283,경주시,2026-07-25 19:00,33.9,,52
283,경주시,2026-07-25 20:00,32,,60
283,경주시,2026-07-25 21:00,30.3,,67
283,경주시,2026-07-25 22:00,28.7,,74
283,경주시,2026-07-25 23:00,27.9,,77
283,경주시,2026-07-26 0:00,26.8,,82
283,경주시,2026-07-26 1:00,25.9,,85
283,경주시,2026-07-26 2:00,26.3,,81
283,경주시,2026-07-26 3:00,25.5,,85
283,경주시,2026-07-26 4:00,24.9,,88
283,경주시,2026-07-26 5:00,24.6,,89
283,경주시,2026-07-26 6:00,25,,88
283,경주시,2026-07-26 7:00,26.8,,82
283,경주시,2026-07-26 8:00,30.7,,67
283,경주시,2026-07-26 9:00,32.6,,60
283,경주시,2026-07-26 10:00,33.7,,54
283,경주시,2026-07-26 11:00,34.4,,51
283,경주시,2026-07-26 12:00,35.9,,46
283,경주시,2026-07-26 13:00,38.4,,40
283,경주시,2026-07-26 14:00,38.3,,42
283,경주시,2026-07-26 15:00,34.6,,53
283,경주시,2026-07-26 16:00,33.5,,57
283,경주시,2026-07-26 17:00,34,,58
283,경주시,2026-07-26 18:00,32.1,,59
283,경주시,2026-07-26 19:00,28.6,0.7,78
283,경주시,2026-07-26 20:00,27.4,0,90
283,경주시,2026-07-26 21:00,27.1,,92
283,경주시,2026-07-26 22:00,27.2,,85
283,경주시,2026-07-26 23:00,26.5,,94
283,경주시,2026-07-27 0:00,26.4,,87
283,경주시,2026-07-27 1:00,25.4,,93
283,경주시,2026-07-27 2:00,25.3,,93
283,경주시,2026-07-27 3:00,24.7,,94
283,경주시,2026-07-27 4:00,24.3,,95
283,경주시,2026-07-27 5:00,24.2,,96
283,경주시,2026-07-27 6:00,24.4,,94
283,경주시,2026-07-27 7:00,26,,88
283,경주시,2026-07-27 8:00,28.7,,76
283,경주시,2026-07-27 9:00,31,,68
283,경주시,2026-07-27 10:00,32.1,,64
283,경주시,2026-07-27 11:00,33.7,,57
283,경주시,2026-07-27 12:00,35.4,,49
283,경주시,2026-07-27 13:00,36,,48
283,경주시,2026-07-27 14:00,37.8,,37
283,경주시,2026-07-27 15:00,38.6,,36
283,경주시,2026-07-27 16:00,35.4,,53
283,경주시,2026-07-27 17:00,35.8,,52
283,경주시,2026-07-27 18:00,33.8,,60
283,경주시,2026-07-27 19:00,32.2,,63
283,경주시,2026-07-27 20:00,31.1,,69
283,경주시,2026-07-27 21:00,29.9,,75
283,경주시,2026-07-27 22:00,30.6,,67
283,경주시,2026-07-27 23:00,28.4,,80
283,경주시,2026-07-28 0:00,27.4,,86
283,경주시,2026-07-28 1:00,27,,87
283,경주시,2026-07-28 2:00,26.5,,89
283,경주시,2026-07-28 3:00,26.2,,87
283,경주시,2026-07-28 4:00,25.8,,88
283,경주시,2026-07-28 5:00,27.9,,71
283,경주시,2026-07-28 6:00,26.5,,81
283,경주시,2026-07-28 7:00,29.3,,69
283,경주시,2026-07-28 8:00,30.8,,63
283,경주시,2026-07-28 9:00,31.8,,59
283,경주시,2026-07-28 10:00,32.7,,56
283,경주시,2026-07-28 11:00,34.1,,52
283,경주시,2026-07-28 12:00,32.6,,55
283,경주시,2026-07-28 13:00,32.2,,58
283,경주시,2026-07-28 14:00,32.7,,56
283,경주시,2026-07-28 15:00,33.3,,54
283,경주시,2026-07-28 16:00,34.2,,50
283,경주시,2026-07-28 17:00,35,,47
283,경주시,2026-07-28 18:00,33.4,,51
283,경주시,2026-07-28 19:00,32.8,,55
283,경주시,2026-07-28 20:00,31.8,,59
283,경주시,2026-07-28 21:00,30.9,,63
283,경주시,2026-07-28 22:00,29.7,,69
283,경주시,2026-07-28 23:00,28.4,,77
283,경주시,2026-07-29 0:00,27.9,,78
283,경주시,2026-07-29 1:00,30,,67
283,경주시,2026-07-29 2:00,28.7,,73
283,경주시,2026-07-29 3:00,28.7,,71
283,경주시,2026-07-29 4:00,28.2,,73
283,경주시,2026-07-29 5:00,26.9,,80
283,경주시,2026-07-29 6:00,28.2,,71
283,경주시,2026-07-29 7:00,28.5,,70
283,경주시,2026-07-29 8:00,29.1,,67
283,경주시,2026-07-29 9:00,30.5,,62
283,경주시,2026-07-29 10:00,32.7,,57
283,경주시,2026-07-29 11:00,33.9,,49
283,경주시,2026-07-29 12:00,33.7,,48
283,경주시,2026-07-29 13:00,35.6,,46
283,경주시,2026-07-29 14:00,35.7,,45
283,경주시,2026-07-29 15:00,35.1,,47
283,경주시,2026-07-29 16:00,35.4,,44
283,경주시,2026-07-29 17:00,35.3,,45
283,경주시,2026-07-29 18:00,33.6,,50
283,경주시,2026-07-29 19:00,32.3,,54
283,경주시,2026-07-29 20:00,31.4,,56
283,경주시,2026-07-29 21:00,31.2,,56
283,경주시,2026-07-29 22:00,30.4,,60
283,경주시,2026-07-29 23:00,30.5,,62
283,경주시,2026-07-30 0:00,29.4,,66
283,경주시,2026-07-30 1:00,28.2,,71
283,경주시,2026-07-30 2:00,28.3,,71
283,경주시,2026-07-30 3:00,27.9,,74
283,경주시,2026-07-30 4:00,27.5,,73
283,경주시,2026-07-30 5:00,27.4,,70
283,경주시,2026-07-30 6:00,27.7,,66
283,경주시,2026-07-30 7:00,28.2,,63
283,경주시,2026-07-30 8:00,29,,62
283,경주시,2026-07-30 9:00,30.5,,58
283,경주시,2026-07-30 10:00,31.6,,53
283,경주시,2026-07-30 11:00,33.6,,50
283,경주시,2026-07-30 12:00,34.6,,46
283,경주시,2026-07-30 13:00,35.2,,43
283,경주시,2026-07-30 14:00,36.3,,43
283,경주시,2026-07-30 15:00,36.6,,45
283,경주시,2026-07-30 16:00,36.3,,45
283,경주시,2026-07-30 17:00,34.8,,47
283,경주시,2026-07-30 18:00,33.5,,50
283,경주시,2026-07-30 19:00,32.1,,55
283,경주시,2026-07-30 20:00,30.4,,61
283,경주시,2026-07-30 21:00,30,,64
283,경주시,2026-07-30 22:00,27.9,,73
283,경주시,2026-07-30 23:00,26.4,,79
283,경주시,2026-07-31 0:00,25.6,,82
